2023,10,30,16,36,41.7250000000058
4423,1108,0.8,0.2
fQuantity
20
Sort Result
248,401,225,120,395,17,312,182,85,240,228,315,254,332,350,58,47,34,241,75
xgboost Model
T_sim1
163.695009185987,112.532320968175,123.726834034611,157.011060740799,136.86114301568,115.475203088444,151.866264033702,158.099055522222,168.415483180267,133.002032522972,127.754251109643,135.862689039773,120.909320807327,135.267493095249,156.411689581542,160.842084122281,143.59996292266,133.890839860395,131.250448171463,161.86329417733,137.689266130328,122.649426030261,157.357721416155,125.411360023002,126.654315897333,146.351358727935,117.206519540566,122.302350345033,146.913920127021,152.604067562024,121.249962329865,141.865773817949,147.784422920907,155.874079978984,135.7006532126,124.663645620147,156.936290210241,156.923102961744,171.204975687169,160.731699249638,131.421953178048,138.339616047958,120.153371422399,158.675145062378,137.680487126876,138.414537775517,138.332337825463,146.69327162419,157.696839026866,148.28839657704,160.411372449001,127.855447977781,138.289204285101,131.939992839264,131.973793370128,120.229101669686,125.128814999994,134.129375022511,135.528397293091,131.928099507916,151.013678778862,133.375404425597,148.697832415689,144.442142775943,142.159383384081,157.545918734568,134.853062028366,128.065918612739,131.289367274642,151.128787438748,132.875481903001,167.869829500931,121.264235017015,132.955784428015,159.284444741905,151.626465593444,142.50546197826,155.424410185506
T_train
164,111,124,157,137,114,152,158,170,131,128,135,121,134,156,161,146,132,130,162,138,122,157,127,127,148,117,122,147,153,121,144,149,155,135,125,156,157,172,160,130,136,120,159,138,139,139,148,157,150,161,129,140,131,130,120,125,134,135,130,152,131,151,145,143,157,133,128,130,154,132,169,121,132,159,153,144,155
T_sim2
162.408738248488,116.169740949074,123.96378058408,157.217176239938,137.849710637873,117.988062473635,150.620871726672,159.326904132962,167.00809943676,135.956185413525,127.141424059868,136.882934466004,120.884855023839,137.500848163451,156.457034337521,160.286388838291,142.978903206331,135.762305879167,132.067203660806,161.821119189262,137.319381226386,123.666269121801,157.79325425083,125.064468973875,126.947967797518,147.282782931538,117.182139053064,123.411596904908,147.172901180657,150.417043379943,121.808474408256,140.524693254914,146.431524154018,156.132332931547,136.780946699056,124.673170301318,159.620184077157,158.15464845475,167.870340366113,163.013055422727,136.004070774867,138.089937519282,120.30119506589,158.76003729966,137.533369997144,138.49112050732,138.232528243462,144.605558582715,157.804663404822,146.836781497513,157.913437823455,125.861624274651,137.319584316441,135.090535587735,132.507623009957,121.069236991803,124.969156837463,133.691558778286,132.504235625267,135.440700441599,146.143498535667,135.6396431307,146.527509146012,145.719120034948,138.771785128117,157.578734439153,136.852118423209,128.292390197515,130.724532544613,151.768657072385,133.856213390827,167.880916542867,122.883654324447,133.254759467074,158.938839163099,150.891758013855,141.052919514477,155.556569774946
T_test
164,111,124,157,137,114,152,158,170,131,128,135,121,134,156,161,146,132,130,162,138,122,157,127,127,148,117,122,147,153,121,144,149,155,135,125,156,157,172,160,130,136,120,159,138,139,139,148,157,150,161,129,140,131,130,120,125,134,135,130,152,131,151,145,143,157,133,128,130,154,132,169,121,132,159,153,144,155
1.14172532779051,2.52677050062442,0.994049479072991,0.970855050179713,0.891426641015866,1.96460484337213
SVM Model
T_sim1
163.215914638711,117.776401829496,122.509672657596,156.831793535576,137.164648644426,120.562282936851,151.620722238502,158.166407582309,162.988920763913,137.377004023013,126.495551153014,136.052893767453,121.020527223735,136.163328087704,156.284511671983,160.866801161718,142.235117519951,136.410862298584,137.741814606412,162.036899617752,138.346768415899,123.08426179025,157.019292661462,123.213108927886,125.888139073554,145.14670178818,117.228856115104,121.822187436472,146.552940402294,152.221326341578,121.199340249008,138.707514390899,144.614252470819,156.692430543864,137.648332024117,124.804876327381,159.199869610184,157.189430159105,168.142381668202,161.446453973576,134.505459918912,141.742354634051,120.182174800059,158.417847374408,137.489249111508,138.366019084349,139.397115859609,142.006065891415,158.056272527757,145.121034986878,160.32747532356,126.418634451905,138.079476470071,132.599772298966,133.398455046019,120.173224362928,125.088602496097,134.357890773398,136.176400570609,133.208883297419,149.281564552006,135.266324439386,145.217390255074,144.295682218044,142.174533465026,157.11191149231,138.326707652072,127.848166938663,134.088348151112,149.61395757428,134.055390848765,165.611777190986,121.783864936919,136.992268098032,160.45700642684,146.197717806344,140.33092468783,157.09994604092
T_train
164,111,124,157,137,114,152,158,170,131,128,135,121,134,156,161,146,132,130,162,138,122,157,127,127,148,117,122,147,153,121,144,149,155,135,125,156,157,172,160,130,136,120,159,138,139,139,148,157,150,161,129,140,131,130,120,125,134,135,130,152,131,151,145,143,157,133,128,130,154,132,169,121,132,159,153,144,155
T_sim2
162.450695468639,118.710769567626,122.965355527014,156.805851525728,135.819085984489,119.832150430809,152.121796827829,159.085813046899,162.652569564257,139.740777527143,126.490734887144,136.004299806555,120.101825597881,139.974078445663,157.156808071866,160.984003242844,141.571453150974,138.161366659707,140.317111743422,162.396547686372,137.229689318464,124.033734304722,158.603835391789,123.250225761789,126.054383533534,145.565288716691,117.5271375394,122.401335409971,146.819291437875,149.212676715269,121.909081896205,140.536641170431,143.442875120215,155.262798257062,136.818057956073,125.764758808012,161.008347799273,158.936071074493,166.358276334142,160.967158203925,137.306369167691,139.790769456644,120.165302917906,158.2023487833,135.366501353498,139.364815252734,137.335183648949,140.933373987206,157.87446937421,143.719482368146,158.966920390739,125.294633258498,137.690135325757,135.617698647498,133.89833775323,120.302230354027,125.146971773344,134.535553535024,136.19444661936,133.856479150135,145.247760339667,137.00009979221,142.816883193267,145.460807659252,138.379392765364,156.867420279903,139.619315805725,128.694829985941,133.90292263888,152.005506358855,134.885699216536,167.260940147184,122.314388271838,137.047773458608,160.256680703597,145.029891808364,140.338195642168,158.137261662624
T_test
164,111,124,157,137,114,152,158,170,131,128,135,121,134,156,161,146,132,130,162,138,122,157,127,127,148,117,122,147,153,121,144,149,155,135,125,156,157,172,160,130,136,120,159,138,139,139,148,157,150,161,129,140,131,130,120,125,134,135,130,152,131,151,145,143,157,133,128,130,154,132,169,121,132,159,153,144,155
3.15840226760607,3.91068011725838,0.954462770805339,0.930186999722084,2.28468657212659,2.94027649927672
Random-forest Model
T_sim1
163.173532220739,113.373309759709,123.967473846051,157.223101127131,137.470766304348,115.711286781002,151.360919731229,158.268534218303,167.386674397997,132.445145352236,127.795699935488,135.714493009251,121.704495146403,135.040309490098,156.833767787708,160.545910954425,144.074320059086,133.869315898408,131.454798698317,161.798941126089,137.846266765571,122.816455892025,157.574137308371,125.709598659206,126.786606404113,146.144662772822,117.550464759536,122.453321242391,146.451622644696,152.726300295939,121.46092404198,142.477252510679,147.271965113503,155.595399566311,136.203937798451,124.640873752374,157.08601204649,156.928885347045,169.581418314314,160.685885543125,132.149843952265,138.010600280822,120.338086117161,158.993416868492,137.715846483529,138.753775004995,138.695039582458,146.162235917892,157.524451548127,147.030597377307,160.397257911117,128.039953199423,138.942304064538,132.547711304957,131.714387677936,120.436170850904,125.019820722196,134.987240494771,135.828371080425,132.521520092227,149.814432694934,133.974311976457,147.964934191154,144.135628424425,141.762839600215,157.541867174742,134.749088142804,127.91701317112,131.235559302508,151.824128890709,132.831560446906,167.108633433788,121.366799151586,132.979436544429,159.191640127712,150.342449156834,142.99277094231,155.898716858973
T_train
164,111,124,157,137,114,152,158,170,131,128,135,121,134,156,161,146,132,130,162,138,122,157,127,127,148,117,122,147,153,121,144,149,155,135,125,156,157,172,160,130,136,120,159,138,139,139,148,157,150,161,129,140,131,130,120,125,134,135,130,152,131,151,145,143,157,133,128,130,154,132,169,121,132,159,153,144,155
T_sim2
161.945148935737,121.512832554075,124.534522303656,157.382675138375,138.297867243867,119.313158843391,150.313104932951,158.357818071801,165.634147670438,135.299750202784,127.630345915082,136.824620253068,122.017209290682,137.193214029633,157.327147803464,160.200604231607,142.466300003511,136.82200783604,132.672239993602,161.244726701539,137.754451814059,123.168692182984,157.622241389046,125.539903965667,126.966272577824,146.714625629959,117.456013305322,124.094148241764,146.327317702503,149.955079439924,122.107061945986,141.253920902549,146.76201715391,155.913091853364,137.284359040718,124.732729317252,159.158989690782,157.648610339413,166.948989576994,161.295506724385,136.157520877701,138.474422279354,120.411340877058,158.956717644359,137.191464886225,139.348202982203,138.677926337855,143.591756926355,157.795638484356,144.84079633589,158.661018586249,126.613230167302,137.429228811557,135.011630845569,132.649759442503,120.704643281486,125.023253533138,134.957135437646,133.621063430984,135.482702226345,145.279472016738,136.684248344233,145.801825318006,145.391397408199,139.17343151109,157.592454899207,136.835581949734,127.769980657468,131.679315729069,151.476259125533,134.279907775231,167.34113532235,122.395141542746,133.149181468086,158.950585048932,148.776001443001,141.18377196952,157.068413900729
T_test
164,111,124,157,137,114,152,158,170,131,128,135,121,134,156,161,146,132,130,162,138,122,157,127,127,148,117,122,147,153,121,144,149,155,135,125,156,157,172,160,130,136,120,159,138,139,139,148,157,150,161,129,140,131,130,120,125,134,135,130,152,131,151,145,143,157,133,128,130,154,132,169,121,132,159,153,144,155
1.338610367068,2.94058396662011,0.991820248986157,0.960527113500685,1.06565210067818,2.20090153271637
Regression_logic Model
T_sim1
153.795479588659,119.334718449812,119.366582546556,153.877071558523,138.627700326955,118.201298899817,134.868906017749,153.323343734803,154.094018604286,133.139453861696,118.308562111213,132.530158318416,120.761660916526,135.025472201249,154.351389317064,154.426358578547,135.019228083246,134.398124367364,132.54790803177,160.383987214794,135.670436458452,118.551487397714,155.112482979377,118.681437792754,118.658331304023,133.383616890672,118.747514509597,118.396632674601,132.920607550621,133.760795072305,118.695976314827,134.447091485058,132.450788602551,153.654182842239,136.307236435263,119.721365645201,152.735283244186,152.95292886161,152.480095231093,152.370988029735,134.308641692335,134.316533950137,119.784428563155,153.343790420546,135.320796399617,137.420012530679,133.754192908668,135.519592624938,153.405582922993,134.16668033197,155.712878097412,118.69588387797,134.4798096565,136.512987438528,135.207427985206,119.96679366604,120.986151015574,136.011482925096,135.747521598444,134.885005183167,136.815527561859,134.303925379167,136.180053250166,134.796749033792,135.207875482948,154.29966168455,134.456966906774,119.463590365199,135.817547621504,135.46275136544,134.311822434029,154.00267350193,118.368964296272,133.706644850153,154.655743753896,135.527685561169,133.47464566024,155.135781367929
T_train
164,111,124,157,137,114,152,158,170,131,128,135,121,134,156,161,146,132,130,162,138,122,157,127,127,148,117,122,147,153,121,144,149,155,135,125,156,157,172,160,130,136,120,159,138,139,139,148,157,150,161,129,140,131,130,120,125,134,135,130,152,131,151,145,143,157,133,128,130,154,132,169,121,132,159,153,144,155
T_sim2
153.812368684081,119.412428965339,119.551680998874,153.891111264471,137.698272308152,118.030376813592,135.376826060012,153.257004082412,154.618932457248,133.322844319883,117.822163570507,131.726148670617,121.015180483458,135.373720561447,154.483267255166,153.744244906151,135.174826341566,134.473932796226,133.063750739371,161.414563707882,135.264168799982,118.335029796362,155.712758937739,118.973351752047,119.006555402242,133.298104659327,118.533810334143,118.580404499542,133.303856184743,133.052671421688,118.750890972597,133.745549328315,132.186701458752,153.57769234805,136.187713386113,119.557872600941,153.340906807799,153.192767020654,151.320113980105,152.945293148129,134.216886650541,133.394960647974,119.693160457023,153.412232509147,135.493087241927,136.364896148724,133.726114086805,134.635497341173,152.828993676362,134.098108514196,155.150239355801,118.42308565084,133.958066769222,135.774330831451,135.544008942672,119.643184770405,120.667225579456,134.836955975752,137.55488621771,133.321169062695,135.353794448844,135.050459354877,136.295139473895,135.621598545316,134.612590568147,154.187225975483,134.42591114279,119.278952436428,136.175322807867,134.614370614662,134.169331857764,153.886113922243,118.312185518674,133.299941323861,154.292861299718,134.937233092005,132.682686175994,154.059502560625
T_test
164,111,124,157,137,114,152,158,170,131,128,135,121,134,156,161,146,132,130,162,138,122,157,127,127,148,117,122,147,153,121,144,149,155,135,125,156,157,172,160,130,136,120,159,138,139,139,148,157,150,161,129,140,131,130,120,125,134,135,130,152,131,151,145,143,157,133,128,130,154,132,169,121,132,159,153,144,155
8.35417688255969,8.52126132182413,0.681404931877639,0.66853362098225,6.39557511557429,6.51077308175144
