2023,10,23,19,37,30.9790000000066
4423,1108,0.8,0.2
fQuantity
10
Sort Result
2,3,4,5,6,7,9,10,11,12
xgboost Model
T_sim1
155.144461505553,126.617672785864,130.829598132392,154.984970151447,136.428819520133,127.032224730305,151.16547086162,144.304172166494,157.426320942035,133.011833354143,130.741924464289,134.674845955438,132.015904600854,137.208112548505,150.664611192099,152.633438407413,138.85406493653,134.364924101918,135.781919229776,154.590764818283,136.174640793491,132.917654440658,154.948394560152,132.441367859802,137.630816361797,146.632794918821,121.360005377834,125.388046188487,152.408811860614,150.071619829039,132.73275338297,142.849765521915,142.495554528692,151.569398936154,135.886599638727,129.749686085042,153.682517995573,146.285044279607,161.465652019188,149.140150345973,131.303876885176,140.552943029574,124.011055833643,156.754708572796,137.458632285014,138.246470959187,138.728554481576,145.6457892188,156.798068430155,143.173768758222,158.047951932748,132.984103918076,137.1265480419,133.578990416394,133.069006581902,128.218671189814,127.921078769784,136.828774030818,138.239517223239,134.168620710743,151.68348289872,139.628062200748,146.174857402185,144.787022026316,139.994869132837,154.449365769355,136.892710799171,131.456272995342,132.970189017653,152.639549221023,133.4761682081,159.438203251016,129.488648099686,135.087746684489,151.452632646476,145.702690758308,143.139433315024,149.978669897683
T_train
164,111,124,157,137,114,152,158,170,131,128,135,121,134,156,161,146,132,130,162,138,122,157,127,127,148,117,122,147,153,121,144,149,155,135,125,156,157,172,160,130,136,120,159,138,139,139,148,157,150,161,129,140,131,130,120,125,134,135,130,152,131,151,145,143,157,133,128,130,154,132,169,121,132,159,153,144,155
T_sim2
142.470134517726,143.631410316626,134.521953367761,153.69314449653,138.733849544417,131.350182622671,146.622851264477,137.062270207331,154.924250274897,137.295177280903,135.731347804268,138.225065249536,143.070589713075,137.878077162164,148.022488552332,148.389126422008,138.991764977574,133.760362286653,137.473852970534,146.550610686342,136.413081858839,135.662490287248,156.707760951736,135.493778763215,140.731777312124,145.568032767843,119.561746094157,127.714014523796,154.679307921366,147.298269313574,144.081268101931,143.944858589343,138.763781672015,151.404499089017,131.151336493817,135.337056133151,153.827695939276,145.30059483472,146.190628687018,143.577652918942,130.548923435119,140.715660203248,128.684498529349,154.054908348454,136.886493086815,136.979318400224,142.933206186692,145.824165135622,157.153228323907,138.06098793447,154.474572344621,132.301497437557,135.102019986936,137.009758217467,135.08664427583,133.83987082243,134.750509253144,142.777184174819,135.650162561582,138.744218328169,150.982877688748,145.841613860925,141.498688145326,147.584088101983,136.717039471865,154.643901994595,139.919774772599,134.544911173257,131.87935090065,151.33329531153,136.880750628618,158.665740083246,138.382617906612,132.309174380132,149.002584482942,147.888384185054,138.247284915298,139.614986467361
T_test
164,111,124,157,137,114,152,158,170,131,128,135,121,134,156,161,146,132,130,162,138,122,157,127,127,148,117,122,147,153,121,144,149,155,135,125,156,157,172,160,130,136,120,159,138,139,139,148,157,150,161,129,140,131,130,120,125,134,135,130,152,131,151,145,143,157,133,128,130,154,132,169,121,132,159,153,144,155
6.09903531347902,10.3960059820551,0.830193616788247,0.506639066201331,4.81266087888896,8.00793421065669
SVM Model
T_sim1
143.878902475093,137.251508809668,134.600967688115,153.891226137428,136.432530111994,136.024172227593,153.33402963572,137.638506444945,146.765132404217,137.533294324259,137.587167840925,136.673046626513,142.274373861233,140.458348614366,148.781577059358,149.315367884662,136.955414613357,133.761510633287,142.897122638184,133.142903667093,135.793567555421,138.751854471055,153.657083476766,136.084107417525,143.904197522962,142.183328824306,144.169491769677,130.0344265461,150.29600159488,148.407314291381,145.126836818127,140.061537776206,136.393108068115,150.970345610802,137.373021643285,134.159764171978,145.765589979414,143.073999901224,138.765607126129,138.313844851977,131.71892952541,141.763526719916,145.79149434254,157.299190123797,136.535779071247,137.255915250495,137.704389876329,141.828937215724,157.526901578922,135.583282597883,156.983793634774,132.245298836811,134.710144849102,135.507695614949,132.404706804419,132.609390918785,128.436466758183,135.577460004583,141.717454138487,138.55426731393,152.071157928649,143.019027629177,143.591205352863,145.344888168366,135.430424794491,144.763055144776,142.65854948645,130.590195695891,135.36780687822,150.157526966082,134.436064048654,149.913084386631,138.83193944005,133.951055921906,143.199755926024,136.405990848168,138.922171590329,148.642823617834
T_train
164,111,124,157,137,114,152,158,170,131,128,135,121,134,156,161,146,132,130,162,138,122,157,127,127,148,117,122,147,153,121,144,149,155,135,125,156,157,172,160,130,136,120,159,138,139,139,148,157,150,161,129,140,131,130,120,125,134,135,130,152,131,151,145,143,157,133,128,130,154,132,169,121,132,159,153,144,155
T_sim2
141.171003712415,141.806498179855,129.867598207507,154.719479370042,140.739121889068,135.717812137713,152.264804292197,137.264672817683,149.149624040861,140.566725548831,138.792505006514,139.271502655845,142.088877502321,139.946946201596,149.028912687175,150.360234825184,136.313758732255,133.668367030062,146.239322077673,134.913910530236,134.575375897444,137.021682232171,157.190492184614,138.486235126689,148.311243997873,141.921684640553,135.987537405791,129.44826253353,152.815045885914,138.487635386091,147.422507341237,141.571187895178,134.453418776797,150.604684221463,136.029389933636,130.842931061441,147.021144911183,146.259893545369,137.624903005072,140.684174851559,132.541714660559,138.387752841118,142.524107095963,156.802675745035,133.307510282372,139.515665620182,139.477211088721,142.634889172274,157.465158120091,132.174464504088,152.629509484729,133.04777229789,133.255438468189,135.819329862964,132.73608423862,134.775177915834,132.589495946512,138.999582143763,138.572015384016,142.21543114542,152.396792747877,147.610434337851,143.075133379028,144.731702641124,133.218091274146,147.032266957155,142.672823129371,130.521096488563,135.22465924049,150.390879701933,139.046667300509,150.961406011995,142.208832039382,130.068718547356,142.130444503523,141.099279038913,139.644747593457,141.881625394591
T_test
164,111,124,157,137,114,152,158,170,131,128,135,121,134,156,161,146,132,130,162,138,122,157,127,127,148,117,122,147,153,121,144,149,155,135,125,156,157,172,160,130,136,120,159,138,139,139,148,157,150,161,129,140,131,130,120,125,134,135,130,152,131,151,145,143,157,133,128,130,154,132,169,121,132,159,153,144,155
12.4005014431981,12.7617972427679,0.298043482980164,0.256543784460702,9.43980978337582,9.9321631991193
Random-forest Model
T_sim1
156.938667830127,123.544602642649,130.036031200241,154.150410683284,137.497717970522,122.6853361017,150.403356872294,147.844954649197,158.755779975214,133.281914024039,130.395470523069,135.528345864662,133.920535996612,137.465580397281,151.250473398489,154.748535446632,141.675875635805,134.009514698812,134.619671787318,151.524408494284,137.187373957481,129.497961428511,152.979477248677,131.996199239546,133.645470738363,145.843934558437,122.460027777778,124.398987006306,150.289881591248,150.358879118567,131.196854241455,142.924448410905,144.305351625954,152.255002163497,136.786983629729,132.443302970178,153.116403017644,148.367685406649,159.17928024453,150.430100261134,131.426640700966,139.32788203243,126.02441390468,157.265108106576,138.110249476644,138.447147632718,139.074240099221,146.459502306225,156.069898510987,144.444374217243,157.677473412698,132.964378515307,137.828837956634,133.633629258858,133.761500266955,126.579765179454,131.772242101466,137.240769086211,138.844256655208,134.815130056725,151.437692662462,138.449298313355,146.932997932441,144.520740187232,139.791363765864,152.651469394861,136.758596075519,132.226127637459,132.567638870963,152.661607721845,134.100135763495,161.383153726708,125.873379715172,134.181634237108,152.16452828818,146.130603356325,143.882385973477,150.737979654978
T_train
164,111,124,157,137,114,152,158,170,131,128,135,121,134,156,161,146,132,130,162,138,122,157,127,127,148,117,122,147,153,121,144,149,155,135,125,156,157,172,160,130,136,120,159,138,139,139,148,157,150,161,129,140,131,130,120,125,134,135,130,152,131,151,145,143,157,133,128,130,154,132,169,121,132,159,153,144,155
T_sim2
143.220231919497,143.689381922399,135.296838923608,153.770388221154,137.762493145743,130.965721260221,147.940289810924,139.441600423882,154.299541959674,138.218655910062,136.489504526338,140.029048691278,144.474092630854,139.200494356834,148.412205555556,148.903113797314,139.759079390847,134.016093414177,137.101448633157,144.82299001924,137.706535971965,136.989060712164,155.023653318903,136.273627962575,137.909423902895,145.45368201458,123.433409663866,128.017868153672,154.002861615657,145.724036556037,141.674386588452,144.487778754975,141.004349293138,152.342927064765,131.58183881998,135.369264466089,153.591079812163,146.327230179951,143.946799043062,144.344049429329,132.450234804369,138.819551149627,130.45921702352,154.239503855198,138.385500647452,136.117666005291,141.51645567454,146.758992527314,156.588438988095,138.182792005248,153.832001652052,133.563054042887,135.63795098813,135.795402076319,135.387432012432,133.635437669544,137.621601479076,143.760329037124,134.748026168276,141.991915172129,152.00199476912,145.82389510582,141.122735259341,147.582652378871,137.122467857143,151.393144078144,138.93584796627,135.595581332809,133.490617104197,151.372396693122,137.99602826874,158.702299719888,138.722364668375,134.685316609977,146.726505032666,144.31810966811,138.099271684795,139.016969772344
T_test
164,111,124,157,137,114,152,158,170,131,128,135,121,134,156,161,146,132,130,162,138,122,157,127,127,148,117,122,147,153,121,144,149,155,135,125,156,157,172,160,130,136,120,159,138,139,139,148,157,150,161,129,140,131,130,120,125,134,135,130,152,131,151,145,143,157,133,128,130,154,132,169,121,132,159,153,144,155
5.45338514781132,10.5944769826234,0.864242429284025,0.487621663350291,4.43211582014051,8.29521781629609
