2023,10,23,19,38,10.0540000000037
4423,1108,0.8,0.2
fQuantity
15
Sort Result
401,236,336,136,36,248,348,148,359,259,48,250,159,59,350
xgboost Model
T_sim1
162.761309373905,113.28694584208,123.889171147655,157.16051775869,137.123831734061,116.559488153328,151.842002194735,158.112357037801,165.86050807718,134.621174408381,126.659115147259,135.795779999759,121.325795553301,136.404148428568,156.819928254547,162.427295534841,143.745510042797,134.434800527714,131.894478043748,161.934822910107,138.067736436923,123.24377039969,157.861759720908,124.487742063499,126.27305150032,145.96817346487,117.347150406731,122.423976735936,147.580059523053,152.04838090837,120.783614794277,140.502782323904,146.673855082954,155.860176835371,135.270442367262,124.813139551452,158.388483429608,156.820758460199,170.088644089731,161.267847582475,132.966148496866,139.072704949076,120.040204223178,159.008537072795,137.885432221186,137.06943844676,139.351258741884,146.063049228064,158.239394509985,147.246738457569,159.852837080757,127.467924743891,137.755425808054,132.082725347744,132.722523916364,120.875231080014,124.609609664271,134.477290077265,136.909465106726,133.422380606676,148.86474973991,134.425625474271,146.548871630768,144.394904060229,142.019101822223,158.55529373097,135.197635160819,127.44509236385,132.65513929069,150.382717675072,133.7088700268,166.934448296609,122.094126201388,132.51637583971,158.914349541068,148.485852674643,141.354703057557,156.765714053185
T_train
164,111,124,157,137,114,152,158,170,131,128,135,121,134,156,161,146,132,130,162,138,122,157,127,127,148,117,122,147,153,121,144,149,155,135,125,156,157,172,160,130,136,120,159,138,139,139,148,157,150,161,129,140,131,130,120,125,134,135,130,152,131,151,145,143,157,133,128,130,154,132,169,121,132,159,153,144,155
T_sim2
161.315190942848,118.055050806204,123.863576158881,156.928806833923,137.916437525641,118.266392978529,151.980638039112,159.163477312773,164.872661103221,136.198010740802,126.500559931,137.349752091699,121.894893497229,137.339106412871,156.237852140268,161.640303317706,144.838486773627,138.008208802768,134.4668543405,162.165024667978,136.285688298089,123.59615571008,157.642607374625,121.20333588322,126.032301378601,147.399440569036,117.300963356214,122.993207109826,147.074827194214,151.411336759726,121.297789749172,140.660685290183,143.320433315109,157.075400864377,136.68813400106,125.228920704126,160.16623416543,157.627851307392,165.571915570058,161.444946636172,139.18781537276,141.244703156874,120.445116053735,158.439983215597,137.47589340806,133.965005685886,138.236054323117,144.939311506493,158.139261249453,144.545356016074,158.615918842951,125.652741322915,136.523860471589,135.660802678929,133.399705304549,121.738820417722,124.988730251789,135.27216204459,134.028400714581,135.520311223609,144.939625750695,137.016169168552,146.111090169503,145.138367889449,141.26241247654,159.167537702964,136.233886001632,127.019405633211,132.361701726913,152.183441066742,135.047611110486,167.578402708558,120.845557249644,132.942968966705,158.479399336236,146.166867136955,140.055461734533,158.863203024864
T_test
164,111,124,157,137,114,152,158,170,131,128,135,121,134,156,161,146,132,130,162,138,122,157,127,127,148,117,122,147,153,121,144,149,155,135,125,156,157,172,160,130,136,120,159,138,139,139,148,157,150,161,129,140,131,130,120,125,134,135,130,152,131,151,145,143,157,133,128,130,154,132,169,121,132,159,153,144,155
1.93462233791273,3.3390041192669,0.982914640871132,0.949106112481233,1.52457385866007,2.52539192350177
SVM Model
T_sim1
161.049840798736,118.649248283734,123.862862381339,156.900474953884,141.736997820049,119.585408856586,151.159615849539,158.002020134436,160.307558593027,140.017811550016,122.52451673332,135.58577219721,120.789093434003,138.079209756621,157.012068807946,160.585656066647,143.916775877437,134.617325632155,145.187252215807,161.993804252823,137.422066605017,124.204034357428,158.863326232558,122.460758720747,121.320296721632,144.018191660233,118.568381523229,121.961546285095,147.416289958311,150.80105049103,121.239265819783,139.570827624264,144.567995918555,156.312787498898,137.489828345924,124.71397746238,159.586868510372,156.695016484957,164.19860072045,161.114907337556,134.286930479583,141.398261093101,119.673531820284,158.832900014724,137.282974928591,136.665924724469,138.657371796376,140.595483568243,160.159484857857,146.787171468953,158.599276578773,125.432860799954,137.292805657221,133.067451931726,134.159143232859,121.715447167445,125.326014472249,134.295169395686,136.153233606763,134.58154914447,144.9277615675,135.558440745507,143.53188044704,145.887242899258,140.191059372004,159.527056539734,138.198017931547,126.522632308573,136.936757015028,145.604036477132,136.368522058182,159.637098881927,122.061303553428,133.339439075904,159.112921140014,139.124579085169,140.415474030747,156.916683653566
T_train
164,111,124,157,137,114,152,158,170,131,128,135,121,134,156,161,146,132,130,162,138,122,157,127,127,148,117,122,147,153,121,144,149,155,135,125,156,157,172,160,130,136,120,159,138,139,139,148,157,150,161,129,140,131,130,120,125,134,135,130,152,131,151,145,143,157,133,128,130,154,132,169,121,132,159,153,144,155
T_sim2
161.251912491136,120.586796847569,124.005951658325,156.818944504681,146.87597790113,119.673092968297,151.316968807474,157.99106826418,160.129165898215,140.989006555149,122.920545356825,136.187405358221,121.207795142448,141.27144153397,157.416991952313,160.241180070773,145.219603566868,137.358010194957,144.755846652696,161.123729094648,136.944516842477,126.002980958595,159.070921825285,121.921381552292,122.040097551736,145.678869837879,118.765346900613,121.334326208777,147.117934673204,150.689209398731,121.0298955839,139.608525731716,142.639927652343,156.374889514554,138.590356578469,125.155498658597,159.940282248119,157.484264328734,162.634342639939,160.266345257394,139.267375821695,141.195127418922,119.314663868291,158.640745810817,135.580165040066,135.196945002055,138.52292075428,140.362551299162,160.176495288613,148.199248385878,158.471334049228,124.899619965567,137.399995361759,136.178773205123,134.403637698399,122.023250506904,124.671528684716,134.836249159332,136.606653478527,135.116175533038,139.112981906793,137.033007325338,142.238657659493,147.028749925486,135.866646134576,159.550391263543,139.974226091456,126.041305420076,137.692574445341,146.991002933499,136.794940150835,159.866063352257,121.073969242981,134.100839894181,158.338891670368,137.954617169604,138.977014659012,158.423795832705
T_test
164,111,124,157,137,114,152,158,170,131,128,135,121,134,156,161,146,132,130,162,138,122,157,127,127,148,117,122,147,153,121,144,149,155,135,125,156,157,172,160,130,136,120,159,138,139,139,148,157,150,161,129,140,131,130,120,125,134,135,130,152,131,151,145,143,157,133,128,130,154,132,169,121,132,159,153,144,155
4.53479617821886,5.32682984492246,0.906125581486114,0.87047029852626,3.26567338038114,3.94169296124068
Random-forest Model
T_sim1
162.354691721676,113.879221103896,124.155802330592,157.18057545663,137.685453806775,116.322306965657,151.80652917811,158.001787226771,166.906486296269,132.991797481137,127.057046702909,135.756612822438,122.013001968987,136.3392674573,156.82563095081,161.408108538678,144.420158192772,133.327034142683,131.696773913138,162.023619857196,138.289444225054,123.448582370551,157.698208473625,124.723964352588,126.819571369344,146.308088959928,117.591072976774,122.221799931006,147.304325860862,152.408853723429,121.548302338641,142.07079406396,146.591166635591,155.048375969843,135.731834652784,124.743832561397,157.238501543775,156.238970238095,168.881406291692,160.529243550481,132.464412554091,138.535977487724,120.079851128295,158.855339988617,137.895803951566,137.696444556037,139.363873363701,145.399768802469,157.561094620475,146.659245952552,160.272703849837,127.535324409197,138.727280674274,132.65372160771,131.598298114663,121.216961652065,124.821045435559,135.138838999115,136.029061151303,133.362842111946,148.108748811236,133.762751300069,148.076066025371,144.385296667671,141.497739750503,158.183246319718,135.573643291965,127.094859633415,131.724601523059,151.685941291446,132.862325454595,167.161443146502,121.851822679352,133.236601046809,159.068755521416,149.734325988055,143.184771868323,156.773173132301
T_train
164,111,124,157,137,114,152,158,170,131,128,135,121,134,156,161,146,132,130,162,138,122,157,127,127,148,117,122,147,153,121,144,149,155,135,125,156,157,172,160,130,136,120,159,138,139,139,148,157,150,161,129,140,131,130,120,125,134,135,130,152,131,151,145,143,157,133,128,130,154,132,169,121,132,159,153,144,155
T_sim2
161.443125818768,119.480087488886,124.374837735677,157.278656741568,138.560747113997,119.170332224791,151.594711487895,157.895486187424,165.300402639844,135.130073879633,127.011161048921,136.792694089293,122.279972037384,138.595414360752,156.718402218899,160.94461924943,144.785841551436,136.664801657732,133.289473870211,161.64847299862,136.090410053029,123.738288913701,157.322452413748,122.984152590999,126.874227852213,147.175855816569,117.405243082081,122.739377845077,146.921615010359,151.152289045214,122.219810060703,141.701819367141,143.954428911688,155.17040771157,136.38143461373,125.045152380952,158.33554511811,156.847654210169,164.626631661106,160.589724043347,137.950570577602,140.842459324424,120.216797493866,158.602493698197,137.142708177279,135.881769909793,137.843146804399,143.581835467112,157.707311873588,144.924107255183,158.836085587105,126.438201748252,137.387658605816,135.6500452606,132.334277014652,121.184243749222,125.112786904762,135.700912892663,134.128274961276,136.224249408738,143.715374712756,136.212149690301,146.884171538538,145.133839097059,140.116204445774,158.750573870574,136.735535803458,127.114695887446,132.312692317208,152.50839968735,134.295172182861,167.589480625584,122.259357601074,133.959783296652,158.577027777778,147.12559622196,141.08540562996,158.344600424193
T_test
164,111,124,157,137,114,152,158,170,131,128,135,121,134,156,161,146,132,130,162,138,122,157,127,127,148,117,122,147,153,121,144,149,155,135,125,156,157,172,160,130,136,120,159,138,139,139,148,157,150,161,129,140,131,130,120,125,134,135,130,152,131,151,145,143,157,133,128,130,154,132,169,121,132,159,153,144,155
1.64054648684213,3.15779063049281,0.987714048452155,0.954480406027328,1.30993369084703,2.34326595055081
