2023,10,23,19,39,2.875
4423,1108,0.8,0.2
fQuantity
25
Sort Result
248,401,225,120,395,17,312,182,85,240,228,315,254,332,350,58,47,34,241,75,259,112,340,233,148
xgboost Model
T_sim1
163.5253374822,112.476855259831,123.645989855302,156.961306120269,137.010254010558,115.259195220211,151.77949813489,158.184181731481,168.662615472701,133.003072049985,127.785914755116,135.880983895726,120.897440439981,135.097482112369,156.299467415645,160.978259153904,144.11447409554,133.773415338662,130.909420494404,162.039184788099,137.599100802232,122.715361553856,157.240736869971,125.541905241147,126.714370216451,146.700810131781,117.07567945701,122.114850332891,147.03213457134,152.791558006406,121.187985361439,141.819650182076,147.755300885614,155.665387336759,135.72424480319,124.586345139004,156.870217842598,156.925593702232,171.179724035231,160.530803183121,131.429775453806,138.287432032445,120.077478737181,158.884045570237,137.670380536562,138.564615331888,138.230073058913,146.67002488992,157.707420854799,148.293650563116,160.539116725326,128.105970978737,138.516148379555,131.953649621043,131.766976218224,120.035851492964,125.192514432104,134.007859954307,135.51387419343,132.23467693966,151.129556888136,133.068755350376,148.874741635795,144.215812117342,142.175030734294,157.441777911951,134.73106776274,128.033997888798,131.130620027184,151.693635286921,132.739797739519,167.74091340839,121.259822682658,132.950980022811,159.420935607382,151.772582291232,142.681153428275,155.424987528593
T_train
164,111,124,157,137,114,152,158,170,131,128,135,121,134,156,161,146,132,130,162,138,122,157,127,127,148,117,122,147,153,121,144,149,155,135,125,156,157,172,160,130,136,120,159,138,139,139,148,157,150,161,129,140,131,130,120,125,134,135,130,152,131,151,145,143,157,133,128,130,154,132,169,121,132,159,153,144,155
T_sim2
162.684950744405,115.886277667681,124.356621676258,157.027593784034,137.640700231899,117.101853179435,151.230061312517,159.302634611726,166.730062582914,135.13720110245,127.420414780577,136.430712992946,120.55987448313,136.759728793587,156.010628823439,160.531957610448,143.294993658151,135.57430980461,131.913016352389,162.365051577489,137.367840149573,123.901236584958,157.336197934367,125.874815501769,126.933940024937,147.965144448421,117.025047719479,123.383491786463,146.648695222356,151.017337656021,121.570934373471,141.605162731239,146.596383873154,155.843299241627,137.019187128002,124.525643062592,159.418914503521,158.085329055786,167.657567899478,162.133431301397,134.487438676449,138.914144549519,119.945600222264,158.753657738368,137.108533027768,138.841252436241,138.292916144927,144.57003262639,157.899934455752,147.143301784992,157.982563722134,126.59608870546,137.276517408235,134.690359764629,131.957475545315,120.105411829551,124.964502543211,134.083684994416,132.803384778591,134.619824984244,146.613767321621,135.314159097274,146.899029158629,144.651063172147,139.306713372469,157.380726190714,136.340273538604,127.937637391416,130.868576092025,152.830278285344,133.861989131341,168.760319303064,121.81068483521,133.467266978962,159.289955377579,151.224738158963,140.860755581409,154.825541981061
T_test
164,111,124,157,137,114,152,158,170,131,128,135,121,134,156,161,146,132,130,162,138,122,157,127,127,148,117,122,147,153,121,144,149,155,135,125,156,157,172,160,130,136,120,159,138,139,139,148,157,150,161,129,140,131,130,120,125,134,135,130,152,131,151,145,143,157,133,128,130,154,132,169,121,132,159,153,144,155
1.05490115519414,2.24302632163622,0.994920098962582,0.977033201719417,0.817673338517999,1.698490585413
SVM Model
T_sim1
163.320205210084,115.816839575266,122.668261890006,156.783763065695,137.472980470246,118.793045330907,151.802268371824,158.153580189162,165.159374579033,135.599096486598,126.686990711086,136.036619520502,120.992700510338,135.785483467163,156.256986856083,161.000216562747,143.39275600184,134.729910433535,134.626266165732,161.897400074997,138.401288382349,122.829777985814,157.016513776242,123.75947677983,126.032959193714,145.376949496113,117.131553251983,122.118607135749,146.601394818755,152.259753950778,121.285028043891,140.089030466837,146.029046735524,155.913470638802,136.709161819362,124.804029713613,158.468258825773,157.056800214908,169.84334849317,161.235013503348,134.408832220108,140.521797237281,120.036566719753,158.662258357109,137.71596965006,138.499233879146,139.422052585819,143.625985705301,158.004294448133,146.839015111852,160.298369201682,126.744644869527,138.553088823487,131.931365712236,132.611957548369,120.144678960695,125.193577144105,133.863173103316,135.547474103518,132.077387477169,150.366703446996,134.978834881931,145.804107880881,144.320953582226,142.263348901147,157.046397316684,137.419610442236,127.917793976722,133.065255726208,149.67241685514,134.328919463941,166.441196365702,121.705680741091,136.048507139359,159.847972471635,148.930036646204,141.863553566757,156.637647424321
T_train
164,111,124,157,137,114,152,158,170,131,128,135,121,134,156,161,146,132,130,162,138,122,157,127,127,148,117,122,147,153,121,144,149,155,135,125,156,157,172,160,130,136,120,159,138,139,139,148,157,150,161,129,140,131,130,120,125,134,135,130,152,131,151,145,143,157,133,128,130,154,132,169,121,132,159,153,144,155
T_sim2
162.643020748069,116.88997801148,123.014540891686,156.477410985505,136.119771227995,118.731349912466,152.110051141511,158.789129747317,164.534094600682,137.700991779839,126.812911793548,135.669315981441,119.562345055775,140.131798090991,157.089067651354,161.079853993992,143.682670504194,137.264074696647,138.024449553303,161.353884569311,136.878098853159,123.954875943839,158.7034189104,122.740579715113,126.668144739436,145.641858598123,117.598839158613,123.030944149986,147.075916605729,149.257865593731,122.136112824553,141.248127793271,144.206959825857,155.016650206959,136.97685303592,125.65041216949,160.462699447273,159.143149167277,168.271623367432,162.467450153246,138.460666206111,138.294027944467,119.314572264637,158.738372427529,134.693463121485,139.589691565934,137.627707299818,142.07528433987,158.09344880737,146.848811332691,157.77348704011,125.268864889964,136.609499337991,135.658397604743,133.148319008779,120.83180062627,125.412235023156,134.505891603714,133.947050206458,132.389471072981,147.535783702529,136.614621998283,143.266470342297,145.280848660925,139.93070788311,157.14241670982,139.024017558903,128.334882299743,132.813971225135,151.476724006533,135.887634583545,167.822257328006,122.957211834673,137.044533417855,159.589262439528,148.226024399601,140.849911192746,158.357547863541
T_test
164,111,124,157,137,114,152,158,170,131,128,135,121,134,156,161,146,132,130,162,138,122,157,127,127,148,117,122,147,153,121,144,149,155,135,125,156,157,172,160,130,136,120,159,138,139,139,148,157,150,161,129,140,131,130,120,125,134,135,130,152,131,151,145,143,157,133,128,130,154,132,169,121,132,159,153,144,155
2.35739081270804,3.3561669043882,0.974631494132684,0.94858156940806,1.72479164633667,2.60268436424152
Random-forest Model
T_sim1
163.349391526407,113.208804176214,123.878713418342,157.142958947796,137.539269652305,115.468657366976,151.497046067819,158.411566302437,167.813731528416,132.108501270139,127.852831426966,135.746081598393,121.658166865333,135.078642766992,156.649794349379,160.698589091321,144.423161206885,133.51632439216,131.476553264087,161.823331480022,137.679256039357,122.845319991811,157.486973604866,125.728117940211,126.795400431011,146.165085840819,117.529379557839,122.316733270383,146.543773366057,152.770420954086,121.253486365517,142.644857404937,147.331157571047,155.330133558102,135.91533438447,124.758801232994,157.08348664335,156.793133308216,169.865489103145,160.723168159734,132.112139624497,137.869554325502,120.136668168809,159.027266065555,137.855375058426,138.519200659487,138.679054029984,145.961377234758,157.483519002812,147.090460182471,160.330176948687,128.04739420637,138.997919958012,132.483311852824,131.543618137149,120.368632144177,125.096429410026,134.993828004901,135.666414130203,132.489149233859,150.023412109882,133.884094794916,148.326721495342,144.257027000163,141.803309301809,157.515627049749,134.814185793627,128.003850033304,131.158872526718,152.034911508204,132.68374859543,166.909026887384,121.296663708738,133.053168478879,159.205592103857,150.813134079797,143.217224820105,155.854782699347
T_train
164,111,124,157,137,114,152,158,170,131,128,135,121,134,156,161,146,132,130,162,138,122,157,127,127,148,117,122,147,153,121,144,149,155,135,125,156,157,172,160,130,136,120,159,138,139,139,148,157,150,161,129,140,131,130,120,125,134,135,130,152,131,151,145,143,157,133,128,130,154,132,169,121,132,159,153,144,155
T_sim2
162.524703390919,120.999869760807,124.425289207318,157.157507926995,138.302531343439,118.53820852312,150.503104586192,158.004330768315,166.169140507876,134.459272638735,127.680198365899,136.765308128275,121.989880410596,136.936677822501,156.949247981964,160.390718837275,143.391274714027,136.827047152876,132.802383047835,161.503729151635,137.262744405657,123.324113564861,157.45971031746,125.231562630415,127.060496654217,146.90367899965,117.436733660131,123.583445336666,146.572216297387,150.468470252694,121.815249098758,141.626606272377,146.710819817926,155.828287507003,137.228632704046,124.95504739732,158.630540522406,157.629088095908,166.887436224775,161.473311053447,136.261422892923,138.139498276283,120.413428625022,158.917994223757,136.79413743819,139.543037152662,138.146690164888,143.118357286681,157.670608634918,145.51213876309,158.809572458964,126.714457441923,137.454820412906,134.391335934463,132.832828352732,120.419630156597,125.076207864358,135.054064877042,133.178075289817,135.417626278224,145.867280206215,136.499728639269,146.577551448979,145.508419860605,139.420728205128,157.554424988754,136.894994609055,127.766500357523,131.643560080757,151.740405293918,134.630683536272,167.288541513129,122.488286195076,133.428300053183,159.081067949907,149.860170995671,141.244295439343,156.970821274403
T_test
164,111,124,157,137,114,152,158,170,131,128,135,121,134,156,161,146,132,130,162,138,122,157,127,127,148,117,122,147,153,121,144,149,155,135,125,156,157,172,160,130,136,120,159,138,139,139,148,157,150,161,129,140,131,130,120,125,134,135,130,152,131,151,145,143,157,133,128,130,154,132,169,121,132,159,153,144,155
1.24465124237247,2.76174132894448,0.992928247219972,0.965182489582194,0.986569717361823,2.06864064959024
