2023,10,23,19,36,9.16500000000815
4423,1108,0.8,0.2
fQuantity
10
Sort Result
401,318,360,390,290,310,190,90,228,316
xgboost Model
T_sim1
163.078644726206,116.370210772854,122.663362294949,157.419875315391,137.790877988651,117.210763028134,149.557946971347,159.894153883824,167.26131065479,135.073881178636,126.355933127304,137.613147322088,121.082631707191,137.087538022016,156.699928683454,159.825480352486,141.914811979641,135.71411240432,137.767222170615,161.707388898501,137.780628371018,123.529294084225,157.543372931745,125.276782082454,125.536421130397,145.903491421219,117.389065059708,122.097639205831,147.389256930351,148.135570220153,121.445031878475,139.008636353309,145.924246593872,156.567015371461,136.718167848057,124.573017029535,158.356136071355,158.127573154428,168.731797827257,161.371509926533,135.112651777267,139.998478641586,120.008472381939,158.210814608846,137.294963136697,138.531508868933,138.483147683842,141.759192643421,158.085741142111,143.554766104729,159.881918632984,126.110017776489,139.043882907541,134.693154445953,135.175589463115,120.787945306507,125.21324040231,135.762229383685,137.26134553194,134.021404860349,149.059054479517,135.666966144816,144.61709982213,141.936631499279,140.033083665065,157.452519065929,136.68673402071,126.983626249044,133.036807453632,148.968083564003,134.476249429363,164.996013615442,121.42786927588,135.014893884199,160.258207340326,148.301878674825,139.995919032022,156.577265868264
T_train
164,111,124,157,137,114,152,158,170,131,128,135,121,134,156,161,146,132,130,162,138,122,157,127,127,148,117,122,147,153,121,144,149,155,135,125,156,157,172,160,130,136,120,159,138,139,139,148,157,150,161,129,140,131,130,120,125,134,135,130,152,131,151,145,143,157,133,128,130,154,132,169,121,132,159,153,144,155
T_sim2
160.996744667783,120.513077612718,120.821545028261,157.56953946501,136.362319355661,118.607480950654,148.69446729819,160.237227059901,163.78841353164,139.745575170964,125.364382950796,137.721161411868,121.583814095367,138.358017527631,156.947392348448,158.015054460367,141.071555429271,137.694316891687,141.353978481558,161.867784539858,138.697889513203,125.141509213868,158.267993851141,124.38422634999,124.785657398841,145.278448027723,117.28250023372,121.838854666267,148.444144817916,141.951667970419,122.201442496644,138.88608802855,145.983330419835,156.784033151234,138.22709103335,124.310849618912,161.994619097975,160.266565403518,165.311858823425,160.879270560601,135.663646654441,136.366355320439,119.139160650117,157.811259806156,137.22047842145,139.381057793895,136.901962558428,139.990383188639,157.753642871976,140.398593549218,157.574926420053,121.670875696341,138.1416990906,136.150665442149,137.1506607074,121.577265153329,126.133312323689,138.121734372594,134.478795482562,138.453828637089,143.821259462408,138.6924510022,140.058179697165,140.897317456082,136.91000161767,157.721133250457,140.481128457934,126.100169710138,135.041610131661,147.054699550072,135.456642251748,164.208205563181,124.566081485328,136.26046968145,161.75573094402,146.514227531173,137.842399992049,157.486891019344
T_test
164,111,124,157,137,114,152,158,170,131,128,135,121,134,156,161,146,132,130,162,138,122,157,127,127,148,117,122,147,153,121,144,149,155,135,125,156,157,172,160,130,136,120,159,138,139,139,148,157,150,161,129,140,131,130,120,125,134,135,130,152,131,151,145,143,157,133,128,130,154,132,169,121,132,159,153,144,155
2.9904277739323,4.82841321927211,0.959177617169709,0.893575755336116,2.37152689435865,3.83698851129272
SVM Model
T_sim1
160.874316239602,122.455779657136,123.504063466452,157.389030575191,137.147962517786,121.713027768755,151.954919681039,159.109155322125,160.495521460022,136.700726018186,121.798974127505,137.819039512909,121.522337695799,137.687585640084,156.728406886044,159.193757209293,136.804681978854,134.645380844297,149.015302041244,161.814271651833,137.366529510047,123.678744440221,157.429452526746,123.51773491276,124.96365691117,144.390830703742,118.514761307122,122.529095445011,147.94753190568,150.816780954304,121.222568311541,135.54732698556,141.482001056512,157.684266446915,135.347170176786,123.787813149359,158.88294292176,160.063328684136,161.10198659027,160.159197250816,135.01585359092,140.453728439494,120.262490957819,158.466516054577,136.751507689692,138.059535993037,137.108743927442,137.006038221196,158.182180240968,139.157910872455,158.700710813353,124.498160896201,137.904048592943,135.75564800058,134.685921701962,120.998890033612,125.945150190685,135.132058114371,137.312970603993,137.652008726222,142.592498058257,139.836287075562,137.216703585251,141.36716111944,136.389426122101,157.738039671061,140.161337937759,125.413507977529,134.293459368642,147.207979155066,133.018651216809,159.402714000265,121.731767966975,135.080642529069,159.528708041685,137.107651510988,136.166027706722,157.129810288743
T_train
164,111,124,157,137,114,152,158,170,131,128,135,121,134,156,161,146,132,130,162,138,122,157,127,127,148,117,122,147,153,121,144,149,155,135,125,156,157,172,160,130,136,120,159,138,139,139,148,157,150,161,129,140,131,130,120,125,134,135,130,152,131,151,145,143,157,133,128,130,154,132,169,121,132,159,153,144,155
T_sim2
160.976884525978,121.306924614304,124.213460171271,157.249134029886,134.619216903601,120.439452883516,150.700443737291,158.575304357988,158.600990127999,139.411283266996,120.472178655336,137.775313355338,122.283354651557,136.96498144415,157.368629942711,158.184894740193,136.450966586953,135.093845571146,148.650754019191,162.526577576886,139.002870243954,124.271115544988,158.135186598119,123.477284197116,124.860922999064,147.431194613995,118.013488697084,122.744836284061,148.037558617661,148.477021358505,121.417203000861,136.428439999719,142.358127739743,157.265680551085,135.64139127383,122.960003106903,160.261450027199,160.207390909218,161.289785926137,159.978988741528,135.160685356031,139.340773318594,120.41325332292,158.34018884146,136.529733947983,139.289477042486,135.065524414375,138.261652923678,157.697625767334,137.509875154383,158.41822694216,123.461099817128,138.670601324405,135.174450212055,134.662758736946,121.01353685673,127.241043176744,134.996462985781,139.772914670762,140.641574132974,142.527797976606,139.424086647004,136.651206282902,140.855364738727,134.918016818901,157.170939812848,142.204516857354,125.884371973151,134.106256658533,146.920395405084,132.743820851662,159.973256113484,121.615555822473,136.497464407003,159.824894488926,133.899600899382,136.320728716419,158.457937342822
T_test
164,111,124,157,137,114,152,158,170,131,128,135,121,134,156,161,146,132,130,162,138,122,157,127,127,148,117,122,147,153,121,144,149,155,135,125,156,157,172,160,130,136,120,159,138,139,139,148,157,150,161,129,140,131,130,120,125,134,135,130,152,131,151,145,143,157,133,128,130,154,132,169,121,132,159,153,144,155
5.71514077020197,6.07044416783849,0.850897275240119,0.831781926811287,4.03046653472282,4.35682345962431
Random-forest Model
T_sim1
162.782752201627,116.010657607095,122.868205978281,157.412108402744,137.644279030317,117.323305422199,149.884710660051,159.006447620495,166.930263049866,133.49279733984,126.803713820703,137.069442505473,122.146099068397,136.506699400346,156.972582177025,159.998889808871,143.545104040909,134.421598775075,135.989063919742,161.803855835529,138.100850905781,123.114397773984,157.448980286714,125.125186590046,126.236658961685,145.335122623335,117.842725894338,122.340232030264,146.26667445209,149.545251722686,121.325342477881,141.387833230123,146.691034269638,156.426130834774,136.671005820106,124.888353854456,158.381564026103,158.217323538183,167.878824795648,160.818932376153,133.289719671081,139.103827614589,120.322774604265,158.470224584206,137.407760495914,139.457254458874,138.925570488173,142.916106016751,157.570718541592,145.337481459731,160.104665382701,126.342911460157,139.435664800734,134.153417254631,134.165342067193,120.868698013403,125.542843163781,136.135381044666,137.060708778263,134.523711069188,148.852652052574,135.282944248193,145.620531265873,142.397180263047,140.616647426647,157.909766781254,136.491328578999,127.06181010158,132.381365888197,149.753995313401,133.679780911747,165.265402264822,121.328607584572,134.150951626042,160.625259960717,146.83098345605,141.588271836374,156.46699693342
T_train
164,111,124,157,137,114,152,158,170,131,128,135,121,134,156,161,146,132,130,162,138,122,157,127,127,148,117,122,147,153,121,144,149,155,135,125,156,157,172,160,130,136,120,159,138,139,139,148,157,150,161,129,140,131,130,120,125,134,135,130,152,131,151,145,143,157,133,128,130,154,132,169,121,132,159,153,144,155
T_sim2
160.596713081879,120.976216653523,122.335614551123,157.631218008619,136.187534145863,119.65352716275,148.53707946667,159.276879008464,163.819621723576,139.13153927236,124.771498873808,138.155550616812,122.81927434039,138.787949317956,157.866232050041,158.87767082054,141.76592270358,137.483697510823,138.784878070625,159.992286414566,138.9790289076,124.453935287105,157.981376747309,124.021000162789,126.102819641427,143.896053398508,117.544620448179,122.559943571039,146.822831162302,140.712253475303,121.684481265675,140.110839722412,145.910861980449,157.687642410101,137.358142551893,124.818194794584,163.082956588452,160.095420548724,162.245171119724,160.024321408983,136.119737928738,136.032851217186,119.494198833552,158.275865146171,136.375858712121,139.220103595479,137.419771590175,139.508725147868,157.576079856839,140.327731284588,158.217920530873,122.762959961202,138.951069371985,135.578854470578,135.683338184691,122.274365893569,125.930072124607,139.255290764791,134.958203879454,139.6102812531,143.101257194927,139.977849416324,140.439017330817,141.229076764699,137.326814013764,158.055451770452,140.348921028957,126.17034799696,134.167981385989,145.353942098465,135.657859818286,165.13911631645,123.432133437954,135.935885874047,162.338048413457,145.75053227076,138.597086665765,157.932714511806
T_test
164,111,124,157,137,114,152,158,170,131,128,135,121,134,156,161,146,132,130,162,138,122,157,127,127,148,117,122,147,153,121,144,149,155,135,125,156,157,172,160,130,136,120,159,138,139,139,148,157,150,161,129,140,131,130,120,125,134,135,130,152,131,151,145,143,157,133,128,130,154,132,169,121,132,159,153,144,155
2.54210878755093,4.91404580322225,0.970500138311336,0.88976738343015,2.04222655722326,3.83619474800736
